,_id,first_week_day,last_week_day,age_group,gender,weekly_tests_num,weekly_newly_tested,weekly_cases,weekly_deceased
0,1,3/15/2020,3/21/2020,0-19,,44,44,0,0
1,2,3/15/2020,3/21/2020,0-19,male,1112,1055,40,0
2,3,3/15/2020,3/21/2020,0-19,female,926,889,41,0
3,4,3/15/2020,3/21/2020,20-24,,<15,<15,0,0
4,5,3/15/2020,3/21/2020,20-24,male,684,638,107,0
5,6,3/15/2020,3/21/2020,20-24,female,643,622,39,0
6,7,3/15/2020,3/21/2020,25-29,male,590,558,55,0
7,8,3/15/2020,3/21/2020,25-29,,<15,<15,<15,0
8,9,3/15/2020,3/21/2020,25-29,female,740,700,50,0
9,10,3/15/2020,3/21/2020,30-34,female,669,617,36,0
10,11,3/15/2020,3/21/2020,30-34,,<15,<15,0,0
11,12,3/15/2020,3/21/2020,30-34,male,647,595,64,0
12,13,3/15/2020,3/21/2020,35-39,,<15,<15,0,0
13,14,3/15/2020,3/21/2020,35-39,female,512,485,29,0
14,15,3/15/2020,3/21/2020,35-39,male,565,518,53,0
15,16,3/15/2020,3/21/2020,40-44,female,450,408,22,0
16,17,3/15/2020,3/21/2020,40-44,,<15,<15,0,0
17,18,3/15/2020,3/21/2020,40-44,male,406,374,38,0
18,19,3/15/2020,3/21/2020,45-49,,<15,<15,0,0
19,20,3/15/2020,3/21/2020,45-49,female,383,365,17,0
20,21,3/15/2020,3/21/2020,45-49,male,367,324,44,0
21,22,3/15/2020,3/21/2020,50-54,,<15,<15,0,0
22,23,3/15/2020,3/21/2020,50-54,male,295,264,36,0
23,24,3/15/2020,3/21/2020,50-54,female,378,355,28,0
24,25,3/15/2020,3/21/2020,55-59,female,351,325,26,0
25,26,3/15/2020,3/21/2020,55-59,male,204,178,24,0
26,27,3/15/2020,3/21/2020,55-59,,<15,<15,0,0
27,28,3/15/2020,3/21/2020,60-64,,0,0,0,0
28,29,3/15/2020,3/21/2020,60-64,female,306,285,26,0
29,30,3/15/2020,3/21/2020,60-64,male,250,225,25,0
30,31,3/15/2020,3/21/2020,65-69,,<15,<15,0,0
31,32,3/15/2020,3/21/2020,65-69,female,207,184,16,0
32,33,3/15/2020,3/21/2020,65-69,male,256,223,33,0
33,34,3/15/2020,3/21/2020,70-74,female,157,136,21,0
34,35,3/15/2020,3/21/2020,70-74,male,212,177,31,0
35,36,3/15/2020,3/21/2020,70-74,,<15,<15,0,0
36,37,3/15/2020,3/21/2020,75-79,,0,0,0,0
37,38,3/15/2020,3/21/2020,75-79,female,76,71,<15,0
38,39,3/15/2020,3/21/2020,75-79,male,100,91,<15,0
39,40,3/15/2020,3/21/2020,80+,,0,0,0,0
40,41,3/15/2020,3/21/2020,80+,female,216,182,<15,0
41,42,3/15/2020,3/21/2020,80+,male,174,153,<15,<15
42,43,3/15/2020,3/21/2020,,,45,42,0,0
43,44,3/15/2020,3/21/2020,,female,399,366,<15,0
44,45,3/15/2020,3/21/2020,,male,371,351,<15,0
45,46,3/22/2020,3/28/2020,0-19,,129,127,0,0
46,47,3/22/2020,3/28/2020,0-19,male,2521,2366,201,0
47,48,3/22/2020,3/28/2020,0-19,female,2303,2153,173,0
48,49,3/22/2020,3/28/2020,20-24,,240,237,0,0
49,50,3/22/2020,3/28/2020,20-24,male,2027,1844,222,0
50,51,3/22/2020,3/28/2020,20-24,female,2107,1991,156,0
51,52,3/22/2020,3/28/2020,25-29,male,1988,1830,171,0
52,53,3/22/2020,3/28/2020,25-29,,83,82,<15,0
53,54,3/22/2020,3/28/2020,25-29,female,2118,1942,123,0
54,55,3/22/2020,3/28/2020,30-34,female,1772,1623,109,0
55,56,3/22/2020,3/28/2020,30-34,,47,47,0,0
56,57,3/22/2020,3/28/2020,30-34,male,1866,1690,129,0
57,58,3/22/2020,3/28/2020,35-39,,24,24,0,0
58,59,3/22/2020,3/28/2020,35-39,female,1446,1342,80,0
59,60,3/22/2020,3/28/2020,35-39,male,1506,1326,130,0
60,61,3/22/2020,3/28/2020,40-44,female,1262,1166,69,0
61,62,3/22/2020,3/28/2020,40-44,,19,19,0,0
62,63,3/22/2020,3/28/2020,40-44,male,1144,1054,90,0
63,64,3/22/2020,3/28/2020,45-49,,27,27,0,0
64,65,3/22/2020,3/28/2020,45-49,female,1182,1102,92,0
65,66,3/22/2020,3/28/2020,45-49,male,1039,932,133,0
66,67,3/22/2020,3/28/2020,50-54,,<15,<15,0,0
67,68,3/22/2020,3/28/2020,50-54,male,800,727,129,0
68,69,3/22/2020,3/28/2020,50-54,female,1117,1025,95,0
69,70,3/22/2020,3/28/2020,55-59,female,1027,939,87,0
70,71,3/22/2020,3/28/2020,55-59,male,775,718,133,<15
71,72,3/22/2020,3/28/2020,55-59,,<15,<15,0,0
72,73,3/22/2020,3/28/2020,60-64,,<15,<15,0,0
73,74,3/22/2020,3/28/2020,60-64,female,903,829,75,0
74,75,3/22/2020,3/28/2020,60-64,male,891,793,123,0
75,76,3/22/2020,3/28/2020,65-69,,<15,<15,0,0
76,77,3/22/2020,3/28/2020,65-69,female,580,535,60,<15
77,78,3/22/2020,3/28/2020,65-69,male,650,588,90,<15
78,79,3/22/2020,3/28/2020,70-74,female,419,346,38,0
79,80,3/22/2020,3/28/2020,70-74,male,462,388,62,<15
80,81,3/22/2020,3/28/2020,70-74,,<15,<15,0,0
81,82,3/22/2020,3/28/2020,75-79,,<15,<15,0,0
82,83,3/22/2020,3/28/2020,75-79,female,227,197,21,<15
83,84,3/22/2020,3/28/2020,75-79,male,264,228,42,<15
84,85,3/22/2020,3/28/2020,80+,,<15,<15,0,0
85,86,3/22/2020,3/28/2020,80+,female,655,573,34,<15
86,87,3/22/2020,3/28/2020,80+,male,442,378,36,<15
87,88,3/22/2020,3/28/2020,,,243,237,<15,0
88,89,3/22/2020,3/28/2020,,female,627,538,<15,0
89,90,3/22/2020,3/28/2020,,male,693,621,28,0
90,91,3/29/2020,4/4/2020,0-19,,111,111,<15,0
91,92,3/29/2020,4/4/2020,0-19,male,3733,3366,390,0
92,93,3/29/2020,4/4/2020,0-19,female,3362,3018,331,0
93,94,3/29/2020,4/4/2020,20-24,,120,116,0,0
94,95,3/29/2020,4/4/2020,20-24,male,4841,4241,341,0
95,96,3/29/2020,4/4/2020,20-24,female,4038,3667,237,0
96,97,3/29/2020,4/4/2020,25-29,male,3232,2831,226,0
97,98,3/29/2020,4/4/2020,25-29,,52,50,0,0
98,99,3/29/2020,4/4/2020,25-29,female,2965,2535,165,0
99,100,3/29/2020,4/4/2020,30-34,female,2558,2205,105,0
100,101,3/29/2020,4/4/2020,30-34,,57,55,0,0
101,102,3/29/2020,4/4/2020,30-34,male,3029,2537,183,0
102,103,3/29/2020,4/4/2020,35-39,,31,31,0,0
103,104,3/29/2020,4/4/2020,35-39,female,2156,1855,103,0
104,105,3/29/2020,4/4/2020,35-39,male,2573,2175,155,0
105,106,3/29/2020,4/4/2020,40-44,female,2097,1819,115,0
106,107,3/29/2020,4/4/2020,40-44,,32,32,0,0
107,108,3/29/2020,4/4/2020,40-44,male,2110,1797,176,0
108,109,3/29/2020,4/4/2020,45-49,,29,28,0,0
109,110,3/29/2020,4/4/2020,45-49,female,1987,1710,110,0
110,111,3/29/2020,4/4/2020,45-49,male,1849,1544,169,0
111,112,3/29/2020,4/4/2020,50-54,,19,19,0,0
112,113,3/29/2020,4/4/2020,50-54,male,1630,1356,138,0
113,114,3/29/2020,4/4/2020,50-54,female,1864,1600,98,<15
114,115,3/29/2020,4/4/2020,55-59,female,1703,1465,132,0
115,116,3/29/2020,4/4/2020,55-59,male,1487,1276,159,<15
116,117,3/29/2020,4/4/2020,55-59,,29,28,0,0
117,118,3/29/2020,4/4/2020,60-64,,30,30,0,0
118,119,3/29/2020,4/4/2020,60-64,female,1317,1139,103,0
119,120,3/29/2020,4/4/2020,60-64,male,1444,1211,150,0
120,121,3/29/2020,4/4/2020,65-69,,17,16,0,0
121,122,3/29/2020,4/4/2020,65-69,female,842,740,78,<15
122,123,3/29/2020,4/4/2020,65-69,male,1134,921,124,<15
123,124,3/29/2020,4/4/2020,70-74,female,617,525,56,<15
124,125,3/29/2020,4/4/2020,70-74,male,740,589,90,<15
125,126,3/29/2020,4/4/2020,70-74,,<15,<15,0,0
126,127,3/29/2020,4/4/2020,75-79,,<15,<15,0,0
127,128,3/29/2020,4/4/2020,75-79,female,347,287,35,<15
128,129,3/29/2020,4/4/2020,75-79,male,385,290,52,<15
129,130,3/29/2020,4/4/2020,80+,,<15,<15,0,0
130,131,3/29/2020,4/4/2020,80+,female,1074,889,97,<15
131,132,3/29/2020,4/4/2020,80+,male,791,655,79,<15
132,133,3/29/2020,4/4/2020,,,197,192,<15,0
133,134,3/29/2020,4/4/2020,,female,977,795,38,0
134,135,3/29/2020,4/4/2020,,male,925,810,53,0
135,136,4/5/2020,4/11/2020,0-19,,127,127,0,0
136,137,4/5/2020,4/11/2020,0-19,male,3732,3014,376,0
137,138,4/5/2020,4/11/2020,0-19,female,2873,2275,275,0
138,139,4/5/2020,4/11/2020,20-24,,137,136,<15,0
139,140,4/5/2020,4/11/2020,20-24,male,3473,2682,210,0
140,141,4/5/2020,4/11/2020,20-24,female,2830,2203,171,0
141,142,4/5/2020,4/11/2020,25-29,male,2809,2201,150,0
142,143,4/5/2020,4/11/2020,25-29,,75,71,0,0
143,144,4/5/2020,4/11/2020,25-29,female,2230,1727,106,0
144,145,4/5/2020,4/11/2020,30-34,female,1819,1425,68,0
145,146,4/5/2020,4/11/2020,30-34,,63,63,0,0
146,147,4/5/2020,4/11/2020,30-34,male,2423,1892,108,0
147,148,4/5/2020,4/11/2020,35-39,,51,50,0,0
148,149,4/5/2020,4/11/2020,35-39,female,1575,1224,65,0
149,150,4/5/2020,4/11/2020,35-39,male,1958,1487,77,<15
150,151,4/5/2020,4/11/2020,40-44,female,1466,1158,73,0
151,152,4/5/2020,4/11/2020,40-44,,55,54,0,0
152,153,4/5/2020,4/11/2020,40-44,male,1688,1331,87,0
153,154,4/5/2020,4/11/2020,45-49,,52,52,0,0
154,155,4/5/2020,4/11/2020,45-49,female,1604,1224,89,0
155,156,4/5/2020,4/11/2020,45-49,male,1647,1252,95,0
156,157,4/5/2020,4/11/2020,50-54,,43,43,0,0
157,158,4/5/2020,4/11/2020,50-54,male,1463,1107,74,0
158,159,4/5/2020,4/11/2020,50-54,female,1482,1113,72,<15
159,160,4/5/2020,4/11/2020,55-59,female,1348,1046,73,0
160,161,4/5/2020,4/11/2020,55-59,male,1378,1052,82,0
161,162,4/5/2020,4/11/2020,55-59,,36,35,0,0
162,163,4/5/2020,4/11/2020,60-64,,28,28,0,0
163,164,4/5/2020,4/11/2020,60-64,female,1080,831,51,<15
164,165,4/5/2020,4/11/2020,60-64,male,1242,888,72,<15
165,166,4/5/2020,4/11/2020,65-69,,19,19,0,0
166,167,4/5/2020,4/11/2020,65-69,female,831,636,42,<15
167,168,4/5/2020,4/11/2020,65-69,male,986,689,65,<15
168,169,4/5/2020,4/11/2020,70-74,female,659,492,39,<15
169,170,4/5/2020,4/11/2020,70-74,male,736,491,35,<15
170,171,4/5/2020,4/11/2020,70-74,,<15,<15,0,0
171,172,4/5/2020,4/11/2020,75-79,,<15,<15,0,0
172,173,4/5/2020,4/11/2020,75-79,female,475,353,28,<15
173,174,4/5/2020,4/11/2020,75-79,male,449,303,20,<15
174,175,4/5/2020,4/11/2020,80+,,<15,<15,0,0
175,176,4/5/2020,4/11/2020,80+,female,1778,1321,94,26
176,177,4/5/2020,4/11/2020,80+,male,991,712,48,<15
177,178,4/5/2020,4/11/2020,,,151,143,<15,0
178,179,4/5/2020,4/11/2020,,female,783,595,29,0
179,180,4/5/2020,4/11/2020,,male,834,712,43,0
180,181,4/12/2020,4/18/2020,0-19,,114,113,0,0
181,182,4/12/2020,4/18/2020,0-19,male,5275,3426,349,0
182,183,4/12/2020,4/18/2020,0-19,female,4478,2856,396,0
183,184,4/12/2020,4/18/2020,20-24,,69,67,0,0
184,185,4/12/2020,4/18/2020,20-24,male,4486,2944,176,0
185,186,4/12/2020,4/18/2020,20-24,female,3480,2299,152,0
186,187,4/12/2020,4/18/2020,25-29,male,3860,2628,115,0
187,188,4/12/2020,4/18/2020,25-29,,58,56,0,0
188,189,4/12/2020,4/18/2020,25-29,female,3082,2088,85,0
189,190,4/12/2020,4/18/2020,30-34,female,2615,1864,76,0
190,191,4/12/2020,4/18/2020,30-34,,44,43,0,0
191,192,4/12/2020,4/18/2020,30-34,male,3275,2192,80,0
192,193,4/12/2020,4/18/2020,35-39,,37,37,0,0
193,194,4/12/2020,4/18/2020,35-39,female,2388,1729,59,0
194,195,4/12/2020,4/18/2020,35-39,male,2733,1828,71,0
195,196,4/12/2020,4/18/2020,40-44,female,2336,1718,68,<15
196,197,4/12/2020,4/18/2020,40-44,,40,39,0,0
197,198,4/12/2020,4/18/2020,40-44,male,2484,1651,66,0
198,199,4/12/2020,4/18/2020,45-49,,44,44,0,0
199,200,4/12/2020,4/18/2020,45-49,female,2580,1835,87,0
200,201,4/12/2020,4/18/2020,45-49,male,2471,1557,75,0
201,202,4/12/2020,4/18/2020,50-54,,38,38,<15,0
202,203,4/12/2020,4/18/2020,50-54,male,2237,1429,84,0
203,204,4/12/2020,4/18/2020,50-54,female,2298,1675,67,0
204,205,4/12/2020,4/18/2020,55-59,female,2237,1597,45,0
205,206,4/12/2020,4/18/2020,55-59,male,2011,1188,58,0
206,207,4/12/2020,4/18/2020,55-59,,39,39,0,0
207,208,4/12/2020,4/18/2020,60-64,,43,42,0,0
208,209,4/12/2020,4/18/2020,60-64,female,1884,1395,47,0
209,210,4/12/2020,4/18/2020,60-64,male,1937,1202,45,<15
210,211,4/12/2020,4/18/2020,65-69,,21,21,0,0
211,212,4/12/2020,4/18/2020,65-69,female,1418,1075,30,0
212,213,4/12/2020,4/18/2020,65-69,male,1557,972,42,<15
213,214,4/12/2020,4/18/2020,70-74,female,1355,1061,37,<15
214,215,4/12/2020,4/18/2020,70-74,male,1298,893,31,<15
215,216,4/12/2020,4/18/2020,70-74,,18,18,0,0
216,217,4/12/2020,4/18/2020,75-79,,<15,<15,0,0
217,218,4/12/2020,4/18/2020,75-79,female,1081,863,26,<15
218,219,4/12/2020,4/18/2020,75-79,male,881,635,18,<15
219,220,4/12/2020,4/18/2020,80+,,22,21,0,0
220,221,4/12/2020,4/18/2020,80+,female,5891,4943,81,26
221,222,4/12/2020,4/18/2020,80+,male,2701,2131,43,19
222,223,4/12/2020,4/18/2020,,,538,528,25,0
223,224,4/12/2020,4/18/2020,,female,1726,1337,34,0
224,225,4/12/2020,4/18/2020,,male,1462,1104,50,0
225,226,4/19/2020,4/25/2020,0-19,,374,366,<15,0
226,227,4/19/2020,4/25/2020,0-19,male,7188,4793,363,0
227,228,4/19/2020,4/25/2020,0-19,female,5641,3608,299,0
228,229,4/19/2020,4/25/2020,20-24,,62,60,0,0
229,230,4/19/2020,4/25/2020,20-24,male,5064,3491,119,0
230,231,4/19/2020,4/25/2020,20-24,female,3769,2555,107,0
231,232,4/19/2020,4/25/2020,25-29,male,4317,2989,78,0
232,233,4/19/2020,4/25/2020,25-29,,29,28,0,0
233,234,4/19/2020,4/25/2020,25-29,female,3667,2609,75,<15
234,235,4/19/2020,4/25/2020,30-34,female,3143,2289,45,0
235,236,4/19/2020,4/25/2020,30-34,,34,34,0,0
236,237,4/19/2020,4/25/2020,30-34,male,3680,2622,52,0
237,238,4/19/2020,4/25/2020,35-39,,34,34,0,0
238,239,4/19/2020,4/25/2020,35-39,female,2757,2044,39,0
239,240,4/19/2020,4/25/2020,35-39,male,3007,2160,42,0
240,241,4/19/2020,4/25/2020,40-44,female,2701,1919,45,0
241,242,4/19/2020,4/25/2020,40-44,,28,28,0,0
242,243,4/19/2020,4/25/2020,40-44,male,2776,2011,41,0
243,244,4/19/2020,4/25/2020,45-49,,22,22,0,0
244,245,4/19/2020,4/25/2020,45-49,female,2872,1986,48,0
245,246,4/19/2020,4/25/2020,45-49,male,2676,1858,48,<15
246,247,4/19/2020,4/25/2020,50-54,,28,28,0,0
247,248,4/19/2020,4/25/2020,50-54,male,2171,1507,38,0
248,249,4/19/2020,4/25/2020,50-54,female,2671,1916,32,<15
249,250,4/19/2020,4/25/2020,55-59,female,2458,1678,37,<15
250,251,4/19/2020,4/25/2020,55-59,male,2097,1348,27,<15
251,252,4/19/2020,4/25/2020,55-59,,19,19,0,0
252,253,4/19/2020,4/25/2020,60-64,,22,22,0,0
253,254,4/19/2020,4/25/2020,60-64,female,2168,1495,22,0
254,255,4/19/2020,4/25/2020,60-64,male,1944,1258,20,<15
255,256,4/19/2020,4/25/2020,65-69,,<15,<15,0,0
256,257,4/19/2020,4/25/2020,65-69,female,1659,1179,17,0
257,258,4/19/2020,4/25/2020,65-69,male,1738,1120,16,<15
258,259,4/19/2020,4/25/2020,70-74,female,1600,1153,<15,<15
259,260,4/19/2020,4/25/2020,70-74,male,1515,1011,16,<15
260,261,4/19/2020,4/25/2020,70-74,,<15,<15,0,0
261,262,4/19/2020,4/25/2020,75-79,,<15,<15,0,0
262,263,4/19/2020,4/25/2020,75-79,female,1349,994,15,<15
263,264,4/19/2020,4/25/2020,75-79,male,1004,655,<15,<15
264,265,4/19/2020,4/25/2020,80+,,<15,<15,0,0
265,266,4/19/2020,4/25/2020,80+,female,6167,4666,39,<15
266,267,4/19/2020,4/25/2020,80+,male,2886,2039,25,<15
267,268,4/19/2020,4/25/2020,,,290,283,<15,0
268,269,4/19/2020,4/25/2020,,female,1988,1670,38,0
269,270,4/19/2020,4/25/2020,,male,1533,1260,32,0
270,271,4/26/2020,5/2/2020,0-19,,236,228,0,0
271,272,4/26/2020,5/2/2020,0-19,male,5507,3328,166,0
272,273,4/26/2020,5/2/2020,0-19,female,4049,2183,135,0
273,274,4/26/2020,5/2/2020,20-24,,<15,<15,0,0
274,275,4/26/2020,5/2/2020,20-24,male,3438,2278,64,0
275,276,4/26/2020,5/2/2020,20-24,female,2776,1770,40,0
276,277,4/26/2020,5/2/2020,25-29,male,2777,1755,39,0
277,278,4/26/2020,5/2/2020,25-29,,<15,<15,0,0
278,279,4/26/2020,5/2/2020,25-29,female,2587,1702,31,0
279,280,4/26/2020,5/2/2020,30-34,female,2275,1576,21,0
280,281,4/26/2020,5/2/2020,30-34,,<15,<15,0,0
281,282,4/26/2020,5/2/2020,30-34,male,2422,1629,25,0
282,283,4/26/2020,5/2/2020,35-39,,<15,<15,0,0
283,284,4/26/2020,5/2/2020,35-39,female,2100,1434,21,0
284,285,4/26/2020,5/2/2020,35-39,male,2208,1465,<15,0
285,286,4/26/2020,5/2/2020,40-44,female,2053,1358,18,0
286,287,4/26/2020,5/2/2020,40-44,,<15,<15,0,0
287,288,4/26/2020,5/2/2020,40-44,male,2067,1411,<15,0
288,289,4/26/2020,5/2/2020,45-49,,<15,<15,0,0
289,290,4/26/2020,5/2/2020,45-49,female,2150,1432,16,0
290,291,4/26/2020,5/2/2020,45-49,male,1970,1310,17,0
291,292,4/26/2020,5/2/2020,50-54,,<15,<15,0,0
292,293,4/26/2020,5/2/2020,50-54,male,1783,1137,<15,0
293,294,4/26/2020,5/2/2020,50-54,female,1890,1272,15,0
294,295,4/26/2020,5/2/2020,55-59,female,1852,1215,17,0
295,296,4/26/2020,5/2/2020,55-59,male,1632,1029,<15,0
296,297,4/26/2020,5/2/2020,55-59,,<15,<15,0,0
297,298,4/26/2020,5/2/2020,60-64,,<15,<15,0,0
298,299,4/26/2020,5/2/2020,60-64,female,1662,1135,<15,<15
299,300,4/26/2020,5/2/2020,60-64,male,1564,948,15,<15
300,301,4/26/2020,5/2/2020,65-69,,<15,<15,0,0
301,302,4/26/2020,5/2/2020,65-69,female,1346,921,<15,<15
302,303,4/26/2020,5/2/2020,65-69,male,1376,863,<15,<15
303,304,4/26/2020,5/2/2020,70-74,female,1177,741,<15,<15
304,305,4/26/2020,5/2/2020,70-74,male,1167,711,<15,<15
305,306,4/26/2020,5/2/2020,70-74,,<15,<15,0,0
306,307,4/26/2020,5/2/2020,75-79,,<15,<15,0,0
307,308,4/26/2020,5/2/2020,75-79,female,889,581,<15,0
308,309,4/26/2020,5/2/2020,75-79,male,759,452,<15,<15
309,310,4/26/2020,5/2/2020,80+,,<15,<15,0,0
310,311,4/26/2020,5/2/2020,80+,female,4429,2903,18,<15
311,312,4/26/2020,5/2/2020,80+,male,2131,1267,<15,15
312,313,4/26/2020,5/2/2020,,,71,64,<15,0
313,314,4/26/2020,5/2/2020,,female,1572,1243,21,0
314,315,4/26/2020,5/2/2020,,male,1442,1135,37,0
315,316,5/3/2020,5/9/2020,0-19,,78,69,0,0
316,317,5/3/2020,5/9/2020,0-19,male,3673,2286,50,0
317,318,5/3/2020,5/9/2020,0-19,female,3034,1862,42,0
318,319,5/3/2020,5/9/2020,20-24,,<15,<15,0,0
319,320,5/3/2020,5/9/2020,20-24,male,2220,1434,26,0
320,321,5/3/2020,5/9/2020,20-24,female,2189,1363,18,0
321,322,5/3/2020,5/9/2020,25-29,male,2202,1455,<15,0
322,323,5/3/2020,5/9/2020,25-29,,<15,<15,0,0
323,324,5/3/2020,5/9/2020,25-29,female,2355,1572,<15,0
324,325,5/3/2020,5/9/2020,30-34,female,2169,1500,<15,0
325,326,5/3/2020,5/9/2020,30-34,,<15,<15,0,0
326,327,5/3/2020,5/9/2020,30-34,male,2104,1442,<15,0
327,328,5/3/2020,5/9/2020,35-39,,<15,<15,0,0
328,329,5/3/2020,5/9/2020,35-39,female,2173,1580,<15,0
329,330,5/3/2020,5/9/2020,35-39,male,1953,1398,<15,0
330,331,5/3/2020,5/9/2020,40-44,female,2467,1822,<15,0
331,332,5/3/2020,5/9/2020,40-44,,<15,<15,0,0
332,333,5/3/2020,5/9/2020,40-44,male,1827,1376,<15,<15
333,334,5/3/2020,5/9/2020,45-49,,<15,<15,0,0
334,335,5/3/2020,5/9/2020,45-49,female,1984,1333,<15,0
335,336,5/3/2020,5/9/2020,45-49,male,1849,1299,<15,0
336,337,5/3/2020,5/9/2020,50-54,,<15,<15,0,0
337,338,5/3/2020,5/9/2020,50-54,male,1476,979,<15,0
338,339,5/3/2020,5/9/2020,50-54,female,1784,1173,<15,0
339,340,5/3/2020,5/9/2020,55-59,female,1595,1030,<15,0
340,341,5/3/2020,5/9/2020,55-59,male,1246,735,<15,0
341,342,5/3/2020,5/9/2020,55-59,,<15,<15,0,0
342,343,5/3/2020,5/9/2020,60-64,,<15,<15,0,0
343,344,5/3/2020,5/9/2020,60-64,female,1453,912,<15,0
344,345,5/3/2020,5/9/2020,60-64,male,1259,740,<15,<15
345,346,5/3/2020,5/9/2020,65-69,,<15,<15,0,0
346,347,5/3/2020,5/9/2020,65-69,female,1139,743,<15,0
347,348,5/3/2020,5/9/2020,65-69,male,1184,703,<15,<15
348,349,5/3/2020,5/9/2020,70-74,female,1115,714,<15,0
349,350,5/3/2020,5/9/2020,70-74,male,1073,615,<15,<15
350,351,5/3/2020,5/9/2020,70-74,,<15,<15,0,0
351,352,5/3/2020,5/9/2020,75-79,,<15,<15,0,0
352,353,5/3/2020,5/9/2020,75-79,female,919,565,<15,<15
353,354,5/3/2020,5/9/2020,75-79,male,762,435,<15,<15
354,355,5/3/2020,5/9/2020,80+,,<15,<15,0,0
355,356,5/3/2020,5/9/2020,80+,female,4965,3021,<15,<15
356,357,5/3/2020,5/9/2020,80+,male,2353,1374,<15,<15
357,358,5/3/2020,5/9/2020,,,156,155,<15,0
358,359,5/3/2020,5/9/2020,,female,1680,1363,<15,0
359,360,5/3/2020,5/9/2020,,male,1338,1043,<15,0
360,361,5/10/2020,5/16/2020,0-19,,32,30,0,0
361,362,5/10/2020,5/16/2020,0-19,male,2925,1759,23,0
362,363,5/10/2020,5/16/2020,0-19,female,2489,1494,24,0
363,364,5/10/2020,5/16/2020,20-24,,<15,<15,0,0
364,365,5/10/2020,5/16/2020,20-24,male,1630,1004,<15,0
365,366,5/10/2020,5/16/2020,20-24,female,1676,1088,<15,0
366,367,5/10/2020,5/16/2020,25-29,male,1452,891,<15,0
367,368,5/10/2020,5/16/2020,25-29,,<15,<15,0,0
368,369,5/10/2020,5/16/2020,25-29,female,1754,1187,<15,0
369,370,5/10/2020,5/16/2020,30-34,female,1717,1225,<15,0
370,371,5/10/2020,5/16/2020,30-34,,<15,<15,0,0
371,372,5/10/2020,5/16/2020,30-34,male,1428,981,<15,0
372,373,5/10/2020,5/16/2020,35-39,,<15,<15,0,0
373,374,5/10/2020,5/16/2020,35-39,female,1836,1334,<15,0
374,375,5/10/2020,5/16/2020,35-39,male,1371,1002,<15,0
375,376,5/10/2020,5/16/2020,40-44,female,1933,1333,<15,0
376,377,5/10/2020,5/16/2020,40-44,,0,0,0,0
377,378,5/10/2020,5/16/2020,40-44,male,1256,899,<15,0
378,379,5/10/2020,5/16/2020,45-49,,<15,<15,0,0
379,380,5/10/2020,5/16/2020,45-49,female,1559,923,<15,0
380,381,5/10/2020,5/16/2020,45-49,male,1197,811,<15,<15
381,382,5/10/2020,5/16/2020,50-54,,<15,<15,0,0
382,383,5/10/2020,5/16/2020,50-54,male,976,655,<15,0
383,384,5/10/2020,5/16/2020,50-54,female,1285,770,<15,<15
384,385,5/10/2020,5/16/2020,55-59,female,1230,683,<15,0
385,386,5/10/2020,5/16/2020,55-59,male,858,521,<15,<15
386,387,5/10/2020,5/16/2020,55-59,,<15,<15,0,0
387,388,5/10/2020,5/16/2020,60-64,,<15,<15,0,0
388,389,5/10/2020,5/16/2020,60-64,female,1209,728,<15,0
389,390,5/10/2020,5/16/2020,60-64,male,905,522,<15,<15
390,391,5/10/2020,5/16/2020,65-69,,<15,<15,0,0
391,392,5/10/2020,5/16/2020,65-69,female,1135,683,<15,0
392,393,5/10/2020,5/16/2020,65-69,male,934,511,<15,0
393,394,5/10/2020,5/16/2020,70-74,female,1153,684,<15,0
394,395,5/10/2020,5/16/2020,70-74,male,982,533,<15,<15
395,396,5/10/2020,5/16/2020,70-74,,<15,<15,0,0
396,397,5/10/2020,5/16/2020,75-79,,<15,<15,0,0
397,398,5/10/2020,5/16/2020,75-79,female,858,463,<15,<15
398,399,5/10/2020,5/16/2020,75-79,male,636,300,<15,<15
399,400,5/10/2020,5/16/2020,80+,,<15,<15,0,0
400,401,5/10/2020,5/16/2020,80+,female,4817,2445,<15,<15
401,402,5/10/2020,5/16/2020,80+,male,2090,988,<15,<15
402,403,5/10/2020,5/16/2020,,,153,146,0,0
403,404,5/10/2020,5/16/2020,,female,1119,834,<15,0
404,405,5/10/2020,5/16/2020,,male,943,719,<15,0
405,406,5/17/2020,5/23/2020,0-19,,49,49,0,0
406,407,5/17/2020,5/23/2020,0-19,male,2826,1978,16,0
407,408,5/17/2020,5/23/2020,0-19,female,2292,1586,25,0
408,409,5/17/2020,5/23/2020,20-24,,<15,<15,0,0
409,410,5/17/2020,5/23/2020,20-24,male,1269,788,<15,0
410,411,5/17/2020,5/23/2020,20-24,female,1337,875,<15,0
411,412,5/17/2020,5/23/2020,25-29,male,1277,812,<15,0
412,413,5/17/2020,5/23/2020,25-29,,<15,<15,0,0
413,414,5/17/2020,5/23/2020,25-29,female,1681,1188,<15,0
414,415,5/17/2020,5/23/2020,30-34,female,1705,1216,<15,0
415,416,5/17/2020,5/23/2020,30-34,,<15,<15,0,0
416,417,5/17/2020,5/23/2020,30-34,male,1294,890,<15,<15
417,418,5/17/2020,5/23/2020,35-39,,<15,<15,0,0
418,419,5/17/2020,5/23/2020,35-39,female,1629,1173,<15,0
419,420,5/17/2020,5/23/2020,35-39,male,1224,897,<15,0
420,421,5/17/2020,5/23/2020,40-44,female,1519,963,<15,0
421,422,5/17/2020,5/23/2020,40-44,,<15,<15,0,0
422,423,5/17/2020,5/23/2020,40-44,male,1009,698,<15,0
423,424,5/17/2020,5/23/2020,45-49,,<15,<15,0,0
424,425,5/17/2020,5/23/2020,45-49,female,1114,635,<15,0
425,426,5/17/2020,5/23/2020,45-49,male,885,549,<15,0
426,427,5/17/2020,5/23/2020,50-54,,<15,<15,0,0
427,428,5/17/2020,5/23/2020,50-54,male,742,423,<15,0
428,429,5/17/2020,5/23/2020,50-54,female,1023,574,<15,0
429,430,5/17/2020,5/23/2020,55-59,female,1046,585,<15,0
430,431,5/17/2020,5/23/2020,55-59,male,762,416,<15,0
431,432,5/17/2020,5/23/2020,55-59,,<15,<15,0,0
432,433,5/17/2020,5/23/2020,60-64,,<15,<15,0,0
433,434,5/17/2020,5/23/2020,60-64,female,885,522,<15,0
434,435,5/17/2020,5/23/2020,60-64,male,683,351,<15,0
435,436,5/17/2020,5/23/2020,65-69,,0,0,0,0
436,437,5/17/2020,5/23/2020,65-69,female,759,453,<15,0
437,438,5/17/2020,5/23/2020,65-69,male,697,344,<15,0
438,439,5/17/2020,5/23/2020,70-74,female,763,438,<15,0
439,440,5/17/2020,5/23/2020,70-74,male,731,347,<15,0
440,441,5/17/2020,5/23/2020,70-74,,<15,<15,0,0
441,442,5/17/2020,5/23/2020,75-79,,0,0,0,0
442,443,5/17/2020,5/23/2020,75-79,female,647,319,0,<15
443,444,5/17/2020,5/23/2020,75-79,male,474,238,<15,0
444,445,5/17/2020,5/23/2020,80+,,<15,<15,0,0
445,446,5/17/2020,5/23/2020,80+,female,3423,1384,0,<15
446,447,5/17/2020,5/23/2020,80+,male,1639,774,<15,<15
447,448,5/17/2020,5/23/2020,,,154,144,<15,0
448,449,5/17/2020,5/23/2020,,female,961,656,<15,0
449,450,5/17/2020,5/23/2020,,male,773,567,<15,0
450,451,5/24/2020,5/30/2020,0-19,,173,166,15,0
451,452,5/24/2020,5/30/2020,0-19,male,2601,2081,79,0
452,453,5/24/2020,5/30/2020,0-19,female,2274,1834,63,0
453,454,5/24/2020,5/30/2020,20-24,,<15,<15,0,0
454,455,5/24/2020,5/30/2020,20-24,male,780,475,<15,0
455,456,5/24/2020,5/30/2020,20-24,female,868,599,<15,0
456,457,5/24/2020,5/30/2020,25-29,male,884,606,<15,0
457,458,5/24/2020,5/30/2020,25-29,,0,0,0,0
458,459,5/24/2020,5/30/2020,25-29,female,1280,956,<15,0
459,460,5/24/2020,5/30/2020,30-34,female,1524,1180,<15,0
460,461,5/24/2020,5/30/2020,30-34,,<15,<15,0,0
461,462,5/24/2020,5/30/2020,30-34,male,1056,771,<15,0
462,463,5/24/2020,5/30/2020,35-39,,0,0,0,0
463,464,5/24/2020,5/30/2020,35-39,female,1480,1165,<15,0
464,465,5/24/2020,5/30/2020,35-39,male,960,707,<15,0
465,466,5/24/2020,5/30/2020,40-44,female,1284,883,<15,0
466,467,5/24/2020,5/30/2020,40-44,,<15,<15,0,0
467,468,5/24/2020,5/30/2020,40-44,male,771,550,<15,0
468,469,5/24/2020,5/30/2020,45-49,,<15,<15,<15,0
469,470,5/24/2020,5/30/2020,45-49,female,830,501,<15,0
470,471,5/24/2020,5/30/2020,45-49,male,611,400,<15,0
471,472,5/24/2020,5/30/2020,50-54,,<15,<15,0,0
472,473,5/24/2020,5/30/2020,50-54,male,506,342,<15,0
473,474,5/24/2020,5/30/2020,50-54,female,719,412,<15,0
474,475,5/24/2020,5/30/2020,55-59,female,653,373,<15,0
475,476,5/24/2020,5/30/2020,55-59,male,470,296,<15,0
476,477,5/24/2020,5/30/2020,55-59,,<15,<15,0,0
477,478,5/24/2020,5/30/2020,60-64,,<15,<15,0,0
478,479,5/24/2020,5/30/2020,60-64,female,640,411,<15,0
479,480,5/24/2020,5/30/2020,60-64,male,480,248,<15,0
480,481,5/24/2020,5/30/2020,65-69,,0,0,0,0
481,482,5/24/2020,5/30/2020,65-69,female,637,414,<15,0
482,483,5/24/2020,5/30/2020,65-69,male,469,254,<15,0
483,484,5/24/2020,5/30/2020,70-74,female,855,596,<15,<15
484,485,5/24/2020,5/30/2020,70-74,male,569,358,<15,0
485,486,5/24/2020,5/30/2020,70-74,,<15,<15,0,0
486,487,5/24/2020,5/30/2020,75-79,,<15,<15,0,0
487,488,5/24/2020,5/30/2020,75-79,female,690,453,<15,<15
488,489,5/24/2020,5/30/2020,75-79,male,447,266,0,<15
489,490,5/24/2020,5/30/2020,80+,,<15,<15,0,0
490,491,5/24/2020,5/30/2020,80+,female,3453,1821,<15,<15
491,492,5/24/2020,5/30/2020,80+,male,1637,886,<15,<15
492,493,5/24/2020,5/30/2020,,,62,50,<15,0
493,494,5/24/2020,5/30/2020,,female,658,452,<15,0
494,495,5/24/2020,5/30/2020,,male,616,461,<15,0
495,496,5/31/2020,6/6/2020,0-19,,1271,1259,17,0
496,497,5/31/2020,6/6/2020,0-19,male,13027,11758,111,0
497,498,5/31/2020,6/6/2020,0-19,female,12489,11364,118,0
498,499,5/31/2020,6/6/2020,20-24,,112,109,<15,0
499,500,5/31/2020,6/6/2020,20-24,male,1622,1165,22,0
500,501,5/31/2020,6/6/2020,20-24,female,2237,1731,23,0
501,502,5/31/2020,6/6/2020,25-29,male,1855,1353,28,0
502,503,5/31/2020,6/6/2020,25-29,,163,159,<15,0
503,504,5/31/2020,6/6/2020,25-29,female,2969,2257,23,0
504,505,5/31/2020,6/6/2020,30-34,female,3282,2613,38,0
505,506,5/31/2020,6/6/2020,30-34,,234,226,<15,0
506,507,5/31/2020,6/6/2020,30-34,male,2292,1723,36,0
507,508,5/31/2020,6/6/2020,35-39,,207,200,<15,0
508,509,5/31/2020,6/6/2020,35-39,female,3309,2564,27,0
509,510,5/31/2020,6/6/2020,35-39,male,2160,1637,23,0
510,511,5/31/2020,6/6/2020,40-44,female,3164,2351,24,0
511,512,5/31/2020,6/6/2020,40-44,,199,192,<15,0
512,513,5/31/2020,6/6/2020,40-44,male,1956,1444,33,0
513,514,5/31/2020,6/6/2020,45-49,,128,124,<15,0
514,515,5/31/2020,6/6/2020,45-49,female,2455,1734,20,0
515,516,5/31/2020,6/6/2020,45-49,male,1682,1168,17,0
516,517,5/31/2020,6/6/2020,50-54,,123,118,0,0
517,518,5/31/2020,6/6/2020,50-54,male,1333,865,21,0
518,519,5/31/2020,6/6/2020,50-54,female,1975,1328,17,0
519,520,5/31/2020,6/6/2020,55-59,female,1724,1108,17,0
520,521,5/31/2020,6/6/2020,55-59,male,1153,707,15,<15
521,522,5/31/2020,6/6/2020,55-59,,95,94,0,0
522,523,5/31/2020,6/6/2020,60-64,,104,103,<15,0
523,524,5/31/2020,6/6/2020,60-64,female,1521,948,<15,0
524,525,5/31/2020,6/6/2020,60-64,male,1094,597,<15,<15
525,526,5/31/2020,6/6/2020,65-69,,177,177,<15,0
526,527,5/31/2020,6/6/2020,65-69,female,1172,708,<15,0
527,528,5/31/2020,6/6/2020,65-69,male,1057,586,<15,<15
528,529,5/31/2020,6/6/2020,70-74,female,1060,628,<15,0
529,530,5/31/2020,6/6/2020,70-74,male,963,511,<15,<15
530,531,5/31/2020,6/6/2020,70-74,,324,322,0,0
531,532,5/31/2020,6/6/2020,75-79,,274,274,0,0
532,533,5/31/2020,6/6/2020,75-79,female,792,444,<15,0
533,534,5/31/2020,6/6/2020,75-79,male,591,290,<15,<15
534,535,5/31/2020,6/6/2020,80+,,1076,1072,<15,0
535,536,5/31/2020,6/6/2020,80+,female,3200,1235,<15,<15
536,537,5/31/2020,6/6/2020,80+,male,1622,653,<15,<15
537,538,5/31/2020,6/6/2020,,,651,615,<15,0
538,539,5/31/2020,6/6/2020,,female,1459,1223,<15,0
539,540,5/31/2020,6/6/2020,,male,1315,1111,19,0
540,541,6/7/2020,6/13/2020,0-19,,1014,952,<15,0
541,542,6/7/2020,6/13/2020,0-19,male,16685,15006,227,0
542,543,6/7/2020,6/13/2020,0-19,female,15245,13707,178,0
543,544,6/7/2020,6/13/2020,20-24,,79,77,<15,0
544,545,6/7/2020,6/13/2020,20-24,male,2332,1863,45,0
545,546,6/7/2020,6/13/2020,20-24,female,3231,2675,56,0
546,547,6/7/2020,6/13/2020,25-29,male,2615,1987,51,0
547,548,6/7/2020,6/13/2020,25-29,,127,120,<15,0
548,549,6/7/2020,6/13/2020,25-29,female,3925,3127,45,0
549,550,6/7/2020,6/13/2020,30-34,female,4568,3663,46,0
550,551,6/7/2020,6/13/2020,30-34,,148,132,<15,0
551,552,6/7/2020,6/13/2020,30-34,male,3136,2478,60,0
552,553,6/7/2020,6/13/2020,35-39,,152,141,0,0
553,554,6/7/2020,6/13/2020,35-39,female,4302,3391,43,0
554,555,6/7/2020,6/13/2020,35-39,male,2980,2345,44,0
555,556,6/7/2020,6/13/2020,40-44,female,3880,2880,46,0
556,557,6/7/2020,6/13/2020,40-44,,111,104,<15,0
557,558,6/7/2020,6/13/2020,40-44,male,2531,1869,42,0
558,559,6/7/2020,6/13/2020,45-49,,112,105,0,0
559,560,6/7/2020,6/13/2020,45-49,female,3006,2180,44,0
560,561,6/7/2020,6/13/2020,45-49,male,2061,1465,32,0
561,562,6/7/2020,6/13/2020,50-54,,71,67,<15,0
562,563,6/7/2020,6/13/2020,50-54,male,1567,1037,39,0
563,564,6/7/2020,6/13/2020,50-54,female,2374,1670,33,0
564,565,6/7/2020,6/13/2020,55-59,female,2243,1552,23,0
565,566,6/7/2020,6/13/2020,55-59,male,1323,814,20,0
566,567,6/7/2020,6/13/2020,55-59,,49,46,0,0
567,568,6/7/2020,6/13/2020,60-64,,62,52,0,0
568,569,6/7/2020,6/13/2020,60-64,female,2015,1316,20,0
569,570,6/7/2020,6/13/2020,60-64,male,1384,843,19,0
570,571,6/7/2020,6/13/2020,65-69,,52,47,<15,0
571,572,6/7/2020,6/13/2020,65-69,female,1475,1010,<15,0
572,573,6/7/2020,6/13/2020,65-69,male,1161,719,16,<15
573,574,6/7/2020,6/13/2020,70-74,female,1416,950,<15,0
574,575,6/7/2020,6/13/2020,70-74,male,1007,619,<15,0
575,576,6/7/2020,6/13/2020,70-74,,95,75,<15,0
576,577,6/7/2020,6/13/2020,75-79,,77,54,0,0
577,578,6/7/2020,6/13/2020,75-79,female,1035,645,<15,0
578,579,6/7/2020,6/13/2020,75-79,male,640,400,<15,<15
579,580,6/7/2020,6/13/2020,80+,,303,184,0,0
580,581,6/7/2020,6/13/2020,80+,female,3758,2128,<15,0
581,582,6/7/2020,6/13/2020,80+,male,1811,1027,<15,<15
582,583,6/7/2020,6/13/2020,,,414,333,21,0
583,584,6/7/2020,6/13/2020,,female,1357,1138,<15,0
584,585,6/7/2020,6/13/2020,,male,1258,1007,24,0
585,586,6/14/2020,6/20/2020,0-19,,767,716,0,0
586,587,6/14/2020,6/20/2020,0-19,male,12885,11430,237,0
587,588,6/14/2020,6/20/2020,0-19,female,12378,11198,201,0
588,589,6/14/2020,6/20/2020,20-24,,<15,<15,0,0
589,590,6/14/2020,6/20/2020,20-24,male,2599,2059,72,0
590,591,6/14/2020,6/20/2020,20-24,female,3136,2516,67,0
591,592,6/14/2020,6/20/2020,25-29,male,2892,2116,69,<15
592,593,6/14/2020,6/20/2020,25-29,,21,16,0,0
593,594,6/14/2020,6/20/2020,25-29,female,3849,2840,75,0
594,595,6/14/2020,6/20/2020,30-34,female,3966,2916,63,0
595,596,6/14/2020,6/20/2020,30-34,,41,34,0,0
596,597,6/14/2020,6/20/2020,30-34,male,3014,2161,91,0
597,598,6/14/2020,6/20/2020,35-39,,35,28,0,0
598,599,6/14/2020,6/20/2020,35-39,female,3920,2838,58,0
599,600,6/14/2020,6/20/2020,35-39,male,2799,2010,52,0
600,601,6/14/2020,6/20/2020,40-44,female,3700,2529,61,0
601,602,6/14/2020,6/20/2020,40-44,,35,29,0,0
602,603,6/14/2020,6/20/2020,40-44,male,2477,1772,55,0
603,604,6/14/2020,6/20/2020,45-49,,23,<15,0,0
604,605,6/14/2020,6/20/2020,45-49,female,2925,1932,38,0
605,606,6/14/2020,6/20/2020,45-49,male,2072,1374,59,0
606,607,6/14/2020,6/20/2020,50-54,,26,21,<15,0
607,608,6/14/2020,6/20/2020,50-54,male,1603,1008,43,0
608,609,6/14/2020,6/20/2020,50-54,female,2586,1578,49,0
609,610,6/14/2020,6/20/2020,55-59,female,2341,1355,37,0
610,611,6/14/2020,6/20/2020,55-59,male,1473,876,36,0
611,612,6/14/2020,6/20/2020,55-59,,15,<15,0,0
612,613,6/14/2020,6/20/2020,60-64,,20,<15,0,0
613,614,6/14/2020,6/20/2020,60-64,female,2000,1189,24,0
614,615,6/14/2020,6/20/2020,60-64,male,1430,838,35,0
615,616,6/14/2020,6/20/2020,65-69,,<15,<15,0,0
616,617,6/14/2020,6/20/2020,65-69,female,1604,928,25,0
617,618,6/14/2020,6/20/2020,65-69,male,1293,723,20,0
618,619,6/14/2020,6/20/2020,70-74,female,1425,731,25,<15
619,620,6/14/2020,6/20/2020,70-74,male,1112,566,30,0
620,621,6/14/2020,6/20/2020,70-74,,30,0,0,0
621,622,6/14/2020,6/20/2020,75-79,,40,<15,0,0
622,623,6/14/2020,6/20/2020,75-79,female,931,382,16,0
623,624,6/14/2020,6/20/2020,75-79,male,712,311,<15,<15
624,625,6/14/2020,6/20/2020,80+,,173,<15,0,0
625,626,6/14/2020,6/20/2020,80+,female,4740,1171,34,0
626,627,6/14/2020,6/20/2020,80+,male,2121,579,<15,<15
627,628,6/14/2020,6/20/2020,,,275,226,36,0
628,629,6/14/2020,6/20/2020,,female,1160,858,16,0
629,630,6/14/2020,6/20/2020,,male,961,742,22,0
630,631,6/21/2020,6/27/2020,0-19,,818,712,<15,0
631,632,6/21/2020,6/27/2020,0-19,male,16376,14369,465,0
632,633,6/21/2020,6/27/2020,0-19,female,15054,13283,359,<15
633,634,6/21/2020,6/27/2020,20-24,,18,<15,0,0
634,635,6/21/2020,6/27/2020,20-24,male,3593,2876,168,0
635,636,6/21/2020,6/27/2020,20-24,female,3844,2988,138,0
636,637,6/21/2020,6/27/2020,25-29,male,3402,2424,135,0
637,638,6/21/2020,6/27/2020,25-29,,18,<15,0,0
638,639,6/21/2020,6/27/2020,25-29,female,4440,3200,119,0
639,640,6/21/2020,6/27/2020,30-34,female,4483,3116,82,0
640,641,6/21/2020,6/27/2020,30-34,,31,<15,0,0
641,642,6/21/2020,6/27/2020,30-34,male,3635,2520,112,0
642,643,6/21/2020,6/27/2020,35-39,,15,<15,0,0
643,644,6/21/2020,6/27/2020,35-39,female,4368,3038,88,0
644,645,6/21/2020,6/27/2020,35-39,male,3463,2496,103,0
645,646,6/21/2020,6/27/2020,40-44,female,4174,2777,109,0
646,647,6/21/2020,6/27/2020,40-44,,21,<15,0,0
647,648,6/21/2020,6/27/2020,40-44,male,2823,1987,97,0
648,649,6/21/2020,6/27/2020,45-49,,18,<15,<15,0
649,650,6/21/2020,6/27/2020,45-49,female,3403,2293,79,0
650,651,6/21/2020,6/27/2020,45-49,male,2523,1775,83,0
651,652,6/21/2020,6/27/2020,50-54,,<15,<15,0,0
652,653,6/21/2020,6/27/2020,50-54,male,1941,1302,74,0
653,654,6/21/2020,6/27/2020,50-54,female,2849,1845,89,0
654,655,6/21/2020,6/27/2020,55-59,female,2450,1526,65,0
655,656,6/21/2020,6/27/2020,55-59,male,1795,1199,65,<15
656,657,6/21/2020,6/27/2020,55-59,,<15,<15,0,0
657,658,6/21/2020,6/27/2020,60-64,,<15,0,0,0
658,659,6/21/2020,6/27/2020,60-64,female,2139,1356,46,0
659,660,6/21/2020,6/27/2020,60-64,male,1710,1081,51,0
660,661,6/21/2020,6/27/2020,65-69,,<15,<15,0,0
661,662,6/21/2020,6/27/2020,65-69,female,1732,1061,28,0
662,663,6/21/2020,6/27/2020,65-69,male,1545,927,38,0
663,664,6/21/2020,6/27/2020,70-74,female,1450,735,22,0
664,665,6/21/2020,6/27/2020,70-74,male,1323,701,32,<15
665,666,6/21/2020,6/27/2020,70-74,,<15,<15,0,0
666,667,6/21/2020,6/27/2020,75-79,,<15,0,0,0
667,668,6/21/2020,6/27/2020,75-79,female,1038,412,<15,<15
668,669,6/21/2020,6/27/2020,75-79,male,820,388,22,0
669,670,6/21/2020,6/27/2020,80+,,125,<15,0,0
670,671,6/21/2020,6/27/2020,80+,female,4885,779,36,<15
671,672,6/21/2020,6/27/2020,80+,male,2230,573,34,<15
672,673,6/21/2020,6/27/2020,,,322,244,20,0
673,674,6/21/2020,6/27/2020,,female,1092,717,18,0
674,675,6/21/2020,6/27/2020,,male,1045,735,21,0
675,676,6/28/2020,7/4/2020,0-19,,1368,1319,<15,0
676,677,6/28/2020,7/4/2020,0-19,male,20176,17174,944,0
677,678,6/28/2020,7/4/2020,0-19,female,17644,15272,657,0
678,679,6/28/2020,7/4/2020,20-24,,22,<15,0,0
679,680,6/28/2020,7/4/2020,20-24,male,5189,3943,370,0
680,681,6/28/2020,7/4/2020,20-24,female,5495,4119,326,0
681,682,6/28/2020,7/4/2020,25-29,male,5044,3492,357,0
682,683,6/28/2020,7/4/2020,25-29,,41,20,<15,0
683,684,6/28/2020,7/4/2020,25-29,female,6168,4320,277,0
684,685,6/28/2020,7/4/2020,30-34,female,5684,3948,208,0
685,686,6/28/2020,7/4/2020,30-34,,39,20,<15,0
686,687,6/28/2020,7/4/2020,30-34,male,5024,3473,267,0
687,688,6/28/2020,7/4/2020,35-39,,27,17,0,0
688,689,6/28/2020,7/4/2020,35-39,female,5543,3743,205,0
689,690,6/28/2020,7/4/2020,35-39,male,4533,3167,226,0
690,691,6/28/2020,7/4/2020,40-44,female,5047,3242,155,0
691,692,6/28/2020,7/4/2020,40-44,,24,<15,0,0
692,693,6/28/2020,7/4/2020,40-44,male,3908,2714,184,0
693,694,6/28/2020,7/4/2020,45-49,,19,<15,0,0
694,695,6/28/2020,7/4/2020,45-49,female,4524,2960,165,0
695,696,6/28/2020,7/4/2020,45-49,male,3588,2447,205,0
696,697,6/28/2020,7/4/2020,50-54,,19,<15,<15,0
697,698,6/28/2020,7/4/2020,50-54,male,2902,1918,158,0
698,699,6/28/2020,7/4/2020,50-54,female,3828,2353,146,0
699,700,6/28/2020,7/4/2020,55-59,female,3356,1997,118,0
700,701,6/28/2020,7/4/2020,55-59,male,2546,1630,115,0
701,702,6/28/2020,7/4/2020,55-59,,<15,<15,0,0
702,703,6/28/2020,7/4/2020,60-64,,<15,<15,<15,0
703,704,6/28/2020,7/4/2020,60-64,female,2788,1621,84,<15
704,705,6/28/2020,7/4/2020,60-64,male,2427,1502,105,0
705,706,6/28/2020,7/4/2020,65-69,,<15,<15,0,0
706,707,6/28/2020,7/4/2020,65-69,female,2066,1253,71,0
707,708,6/28/2020,7/4/2020,65-69,male,1999,1205,77,<15
708,709,6/28/2020,7/4/2020,70-74,female,1770,913,48,0
709,710,6/28/2020,7/4/2020,70-74,male,1591,879,52,0
710,711,6/28/2020,7/4/2020,70-74,,<15,<15,0,0
711,712,6/28/2020,7/4/2020,75-79,,<15,<15,<15,0
712,713,6/28/2020,7/4/2020,75-79,female,1161,526,27,<15
713,714,6/28/2020,7/4/2020,75-79,male,981,459,26,<15
714,715,6/28/2020,7/4/2020,80+,,<15,0,0,0
715,716,6/28/2020,7/4/2020,80+,female,5100,1135,75,<15
716,717,6/28/2020,7/4/2020,80+,male,2488,753,45,<15
717,718,6/28/2020,7/4/2020,,,255,175,16,0
718,719,6/28/2020,7/4/2020,,female,1244,838,18,0
719,720,6/28/2020,7/4/2020,,male,1318,906,33,0
720,721,7/5/2020,7/11/2020,0-19,,1829,1732,21,0
721,722,7/5/2020,7/11/2020,0-19,male,26414,22200,1400,0
722,723,7/5/2020,7/11/2020,0-19,female,24977,21357,1166,0
723,724,7/5/2020,7/11/2020,20-24,,25,16,0,0
724,725,7/5/2020,7/11/2020,20-24,male,6631,4904,537,0
725,726,7/5/2020,7/11/2020,20-24,female,8108,6108,585,0
726,727,7/5/2020,7/11/2020,25-29,male,6867,5030,459,0
727,728,7/5/2020,7/11/2020,25-29,,33,18,0,0
728,729,7/5/2020,7/11/2020,25-29,female,8470,6043,447,0
729,730,7/5/2020,7/11/2020,30-34,female,7950,5504,307,0
730,731,7/5/2020,7/11/2020,30-34,,43,16,<15,0
731,732,7/5/2020,7/11/2020,30-34,male,6954,4830,407,0
732,733,7/5/2020,7/11/2020,35-39,,37,<15,0,0
733,734,7/5/2020,7/11/2020,35-39,female,7237,4916,288,0
734,735,7/5/2020,7/11/2020,35-39,male,5956,4197,308,0
735,736,7/5/2020,7/11/2020,40-44,female,6732,4415,290,0
736,737,7/5/2020,7/11/2020,40-44,,45,15,0,0
737,738,7/5/2020,7/11/2020,40-44,male,5122,3546,292,0
738,739,7/5/2020,7/11/2020,45-49,,38,15,<15,0
739,740,7/5/2020,7/11/2020,45-49,female,5887,3903,281,0
740,741,7/5/2020,7/11/2020,45-49,male,4490,3115,278,0
741,742,7/5/2020,7/11/2020,50-54,,24,<15,<15,0
742,743,7/5/2020,7/11/2020,50-54,male,3564,2403,192,0
743,744,7/5/2020,7/11/2020,50-54,female,4853,3048,185,0
744,745,7/5/2020,7/11/2020,55-59,female,4304,2596,179,0
745,746,7/5/2020,7/11/2020,55-59,male,3138,2036,175,<15
746,747,7/5/2020,7/11/2020,55-59,,18,<15,0,0
747,748,7/5/2020,7/11/2020,60-64,,<15,<15,0,0
748,749,7/5/2020,7/11/2020,60-64,female,3490,2110,140,0
749,750,7/5/2020,7/11/2020,60-64,male,2890,1810,117,<15
750,751,7/5/2020,7/11/2020,65-69,,<15,<15,0,0
751,752,7/5/2020,7/11/2020,65-69,female,2567,1554,102,0
752,753,7/5/2020,7/11/2020,65-69,male,2379,1435,101,0
753,754,7/5/2020,7/11/2020,70-74,female,2039,985,68,<15
754,755,7/5/2020,7/11/2020,70-74,male,1969,979,75,<15
755,756,7/5/2020,7/11/2020,70-74,,<15,<15,0,0
756,757,7/5/2020,7/11/2020,75-79,,<15,<15,0,0
757,758,7/5/2020,7/11/2020,75-79,female,1369,550,38,<15
758,759,7/5/2020,7/11/2020,75-79,male,1233,522,42,<15
759,760,7/5/2020,7/11/2020,80+,,131,<15,0,0
760,761,7/5/2020,7/11/2020,80+,female,6607,1199,112,<15
761,762,7/5/2020,7/11/2020,80+,male,2931,728,68,<15
762,763,7/5/2020,7/11/2020,,,411,330,30,0
763,764,7/5/2020,7/11/2020,,female,1449,966,25,0
764,765,7/5/2020,7/11/2020,,male,1598,1064,40,0
765,766,7/12/2020,7/18/2020,0-19,,1488,1372,33,0
766,767,7/12/2020,7/18/2020,0-19,male,25000,19127,1793,0
767,768,7/12/2020,7/18/2020,0-19,female,22608,17618,1607,<15
768,769,7/12/2020,7/18/2020,20-24,,36,23,<15,0
769,770,7/12/2020,7/18/2020,20-24,male,7687,5111,680,0
770,771,7/12/2020,7/18/2020,20-24,female,8678,5914,757,0
771,772,7/12/2020,7/18/2020,25-29,male,7375,4537,556,0
772,773,7/12/2020,7/18/2020,25-29,,52,30,<15,0
773,774,7/12/2020,7/18/2020,25-29,female,8616,5399,514,0
774,775,7/12/2020,7/18/2020,30-34,female,8104,4860,454,0
775,776,7/12/2020,7/18/2020,30-34,,49,23,<15,0
776,777,7/12/2020,7/18/2020,30-34,male,6721,4064,472,0
777,778,7/12/2020,7/18/2020,35-39,,58,26,<15,0
778,779,7/12/2020,7/18/2020,35-39,female,7445,4204,377,0
779,780,7/12/2020,7/18/2020,35-39,male,5745,3318,397,0
780,781,7/12/2020,7/18/2020,40-44,female,7054,3847,380,0
781,782,7/12/2020,7/18/2020,40-44,,46,20,0,0
782,783,7/12/2020,7/18/2020,40-44,male,5218,2961,345,0
783,784,7/12/2020,7/18/2020,45-49,,40,15,0,0
784,785,7/12/2020,7/18/2020,45-49,female,6541,3417,344,<15
785,786,7/12/2020,7/18/2020,45-49,male,4723,2645,342,0
786,787,7/12/2020,7/18/2020,50-54,,31,<15,<15,0
787,788,7/12/2020,7/18/2020,50-54,male,4036,2210,303,0
788,789,7/12/2020,7/18/2020,50-54,female,5654,2801,290,0
789,790,7/12/2020,7/18/2020,55-59,female,4980,2288,233,<15
790,791,7/12/2020,7/18/2020,55-59,male,3482,1809,217,0
791,792,7/12/2020,7/18/2020,55-59,,22,<15,0,0
792,793,7/12/2020,7/18/2020,60-64,,<15,<15,0,0
793,794,7/12/2020,7/18/2020,60-64,female,4176,1819,180,<15
794,795,7/12/2020,7/18/2020,60-64,male,3178,1571,189,0
795,796,7/12/2020,7/18/2020,65-69,,<15,<15,0,0
796,797,7/12/2020,7/18/2020,65-69,female,3076,1419,132,<15
797,798,7/12/2020,7/18/2020,65-69,male,2641,1240,134,<15
798,799,7/12/2020,7/18/2020,70-74,female,2590,1061,91,<15
799,800,7/12/2020,7/18/2020,70-74,male,2336,976,110,<15
800,801,7/12/2020,7/18/2020,70-74,,16,<15,0,0
801,802,7/12/2020,7/18/2020,75-79,,<15,<15,0,0
802,803,7/12/2020,7/18/2020,75-79,female,1947,633,63,<15
803,804,7/12/2020,7/18/2020,75-79,male,1410,500,55,<15
804,805,7/12/2020,7/18/2020,80+,,126,<15,0,0
805,806,7/12/2020,7/18/2020,80+,female,9558,1354,130,<15
806,807,7/12/2020,7/18/2020,80+,male,4087,846,84,15
807,808,7/12/2020,7/18/2020,,,648,396,38,0
808,809,7/12/2020,7/18/2020,,female,1660,976,32,0
809,810,7/12/2020,7/18/2020,,male,1506,951,49,0
